script_name,target_obj,target_obj_type,line_count,sql_stmt_count,from_tables
custom_CURRENCY_SPOT_RATE,CURRENCY_SPOT_RATE,6,193,2,
custom_M_EQUIPMENT_DAILY_FACT,M_EQUIPMENT_DAILY_FACT,6,1942,23,
UPDATE_M_EQUIPMENT_DAILY_FACT,M_EQUIPMENT_DAILY_FACT,6,228,3,
custom_CURRENCY_CONV,CURRENCY_CONV,6,3296,45,
UPDATE_EQUIPMENT_HISTORY,EQUIPMENT_HISTORY,6,546,4,
upd_M3_FIN_ORGANIZATION,M3_FIN_ORGANIZATION,6,494,2,"CV_LU_CES_LOCATION, CV_MODEL_FIN_BENCHMARK, CV_MODEL_FIN_TRADENAMES"
upd_M_CUSTOMER,M_CUSTOMER,6,324,3,
upd_OPEN_ORDER_LINE_HIST,OPEN_ORDER_LINE_HIST,6,1189,2,"(, BUS_ITEM, OPEN_ORDER_LINE_HIST"
custom_ORDERS,ORDERS,6,69,1,
drv_ORDERS,ORDERS,6,572,2,
UPDATE_ORDER_LINE_DAYS,ORDER_LINE_DAYS,6,538,3,
UPDATE_ORDER_LINE_EQUIPMENT,ORDER_LINE_EQUIPMENT,6,376,5,
drv_SUSPEND_ORDER,SUSPEND_ORDER,6,410,3,"(SELECT, [TABLEOWNER].[SUSPEND_ORDER]"
upd_SUSPEND_ORDER,SUSPEND_ORDER,6,300,2,"(SELECT, SUSPEND_ORDER"
custom_GPS_SIM_CODE,GPS_SIM_CODE,6,1198,4,
UPDATE_GPS_SIM_CODE,GPS_SIM_CODE,6,4734,2,
UPDATE_FAST_LOCATION,FAST_LOCATION,6,214,2,
UPDATE_MAILING_ADDRESS,MAILING_ADDRESS,6,562,2,
upd_EQUIPMENT,EQUIPMENT,6,987,4,"(, EQUIPMENT"
UPDATE_STG_OPEN_ORDER_LINE,STG_OPEN_ORDER_LINE,7,426,3,"[TABLEOWNER].[EQUIPMENT], [TABLEOWNER].[ITEM], [TABLEOWNER].[ITEM_EQPT_CLASS], [TABLEOWNER].[LOCATION]"
UPDATE_STG_ORDERS,STG_ORDERS,7,598,4,
UPDATE_STG_ORDER_LINE_DAYS,STG_ORDER_LINE_DAYS,7,214,3,[TABLEOWNER].[ORDER_LINE]
upd_STG_ORDER_LINE,STG_ORDER_LINE,7,1358,5,
UPDATE_ETL_SUSPEND_ORDER,ETL_SUSPEND_ORDER,7,218,3,
UPDATE_ETL_GPS_SIM_CODE,ETL_GPS_SIM_CODE,7,1282,3,"[TABLEOWNER].[DV_EQUIPMENT], [TABLEOWNER].[DV_LOCATION]"
custom_EQUIPMENT_HISTORY_WRK,EQUIPMENT_HISTORY_WRK,7,234,3,
upd_EQUIPMENT_HISTORY_WRK,EQUIPMENT_HISTORY_WRK,7,394,3,
UPDATE_ELECTRONIC_ADDRESS,ELECTRONIC_ADDRESS,6,230,2,
upd_LOCATION_ADDRESS,LOCATION_ADDRESS,6,401,4,"(, LOCATION_ADDRESS"
drv_LOCATION_EXTENSION,LOCATION_EXTENSION,6,1074,3,"(, LOCATION_EXTENSION"
upd_LOCATION_EXTENSION,LOCATION_EXTENSION,6,1064,3,"(, LOCATION_EXTENSION"
UPDATE_LU_CES_LOCATION,LU_CES_LOCATION,6,168,3,"(, [TABLEOWNER].[CV_model_FIN_ORGANIZATION], [TABLEOWNER].[FIN_BALANCES_DTL]"
UPDATE_model_FIN_ORGANIZATION,model_FIN_ORGANIZATION,6,336,3,
UPDATE_STG_EQUIPMENT,STG_EQUIPMENT,7,412,3,"(SELECT, [TABLEOWNER].[DV_EQUIPMENT], [TABLEOWNER].[DV_ITEM], [TABLEOWNER].[DV_VENDOR], [TABLEOWNER].[EQUIPMENT_STATUS_CODES]"
UPDATE_model_FIN_BENCHMARK,model_FIN_BENCHMARK,6,170,4,"LANDING.P_BI_LDTAB_DB.load_FIN_BENCHMARK, model_FIN_BENCHMARK"
UPDATE_model_FIN_TRADENAMES,model_FIN_TRADENAMES,6,186,2,
upd_PARTY,PARTY,6,323,3,"(, PARTY"
upd_ITEM,ITEM,6,775,4,"(, ITEM"
upd_ITEM_EQPT_CLASS,ITEM_EQPT_CLASS,6,378,2,"(, [TABLEOWNER].[ITEM_EQPT_CLASS]"
custom_LOCATION,LOCATION,6,75,1,
upd_LOCATION,LOCATION,6,902,3,"(, LOCATION"
drv_ORDER_LINE,ORDER_LINE,6,824,4,
upd_ORDER_LINE,ORDER_LINE,6,818,4,
upd_ADDRESS,ADDRESS,6,248,3,"ADDRESS, STG_ADDRESS"
upd_DISTRICT,DISTRICT,6,296,4,"(, DISTRICT"
upd_LOCATION_MANAGER,LOCATION_MANAGER,6,266,3,"(, LOCATION_MANAGER"
upd_LOCATION_STATUS_HIST,LOCATION_STATUS_HIST,6,229,2,"(, LOCATION_STATUS_HIST"
upd_MARKET,MARKET,6,417,4,"(, MARKET"
upd_REGION,REGION,6,300,4,"(, REGION"
upd_TRADE_AREA,TRADE_AREA,6,313,4,"(, TRADE_AREA"
UPDATE_ETL_LOCATION_EXTENSION,ETL_LOCATION_EXTENSION,7,436,3,[TABLEOWNER].[DV_LOCATION]
update_stage_FIN_ORGANIZATION,stage_FIN_ORGANIZATION,7,550,2,"(, DBIFAMV, DBIFGLS, DBIFMVL, GLADD, LOAD_NAMES_DISTRICT, LOAD_NAMES_REGION"
UPDATE_EQUIPMENT_STATUS_CODES,EQUIPMENT_STATUS_CODES,6,198,2,
UPDATE_STG_PARTY,STG_PARTY,7,154,3,"(Select, [TABLEOWNER].[DV_PARTY], [TABLEOWNER].[PARTY]"
UPDATE_CREDIT_ALLOCATION,CREDIT_ALLOCATION,6,302,2,
drv_CUSTOMER_TOTAL_CONTROL,CUSTOMER_TOTAL_CONTROL,6,272,2,
UPDATE_CUSTOMER_TOTAL_CONTROL,CUSTOMER_TOTAL_CONTROL,6,294,3,
upd_PARTY_ACCOUNT_GROUP,PARTY_ACCOUNT_GROUP,6,298,3,
drv_PARTY_ALL,PARTY_ALL,6,886,3,"(, PARTY_ALL"
upd_PARTY_ALL,PARTY_ALL,6,873,3,"(, PARTY_ALL"
UPDATE_PARTY_PARTY_RELATIONSHIP,PARTY_PARTY_RELATIONSHIP,6,282,2,
drv_PARTY_SIC,PARTY_SIC,6,342,3,"(, PARTY_SIC"
upd_PARTY_SIC,PARTY_SIC,6,329,3,"(, PARTY_SIC"
UPDATE_PARTY_STATUS,PARTY_STATUS,6,222,2,
upd_PARTY_STATUS_HISTORY,PARTY_STATUS_HISTORY,6,287,3,"(, PARTY_STATUS_HISTORY"
UPDATE_ETL_ITEM_EQPT_CLASS,ETL_ITEM_EQPT_CLASS,7,380,3,
upd_ITEM_STATUS_HIST,ITEM_STATUS_HIST,6,263,3,"(, ITEM_STATUS_HIST"
upd_ITEM_UOM,ITEM_UOM,6,208,2,"(, ITEM_UOM"
upd_STG_ADDRESS,STG_ADDRESS,7,242,2,WRK_ADDRESS_MAIL
update_model_FIN_BALANCES_DTL,model_FIN_BALANCES_DTL,6,155,6,
UPDATE_stage_FIN_ORGANIZATION_1,stage_FIN_ORGANIZATION_1,7,96,3,
upd_VENDOR,VENDOR,6,522,4,"(, VENDOR"
UPDATE_ETL_CUSTOMER_TOTAL_CONTROL,ETL_CUSTOMER_TOTAL_CONTROL,7,208,3,"[TABLEOWNER].[DV_LOCATION], [TABLEOWNER].[DV_PARTY]"
UPDATE_ETL_PARTY_ALL,ETL_PARTY_ALL,7,322,3,[TABLEOWNER].[DV_PARTY]
UPDATE_ETL_PARTY_SIC,ETL_PARTY_SIC,7,180,3,[TABLEOWNER].[CV_PARTY]
UPDATE_LOCATION_MANAGER_KEY,LOCATION_MANAGER_KEY,6,186,2,
update_stage_FIN_BALANCES_DTL,stage_FIN_BALANCES_DTL,7,246,5,
