obj_name,obj_type,obj_id,reason
CV_CURRENCY_SPOT_RATE,18,5186,No matching script found (type=18)
CV_LU_CURRENCY_TYPE,18,5345,No matching script found (type=18)
CV_M_EQUIPMENT_DAILY_FACT,18,5415,No matching script found (type=18)
BUS_EQUIPMENT_DAILY_FACT,18,4320,No matching script found (type=18)
CURRENCY_SPOT_RATE,6,2286,No matching script found (type=6)
LU_CURRENCY_TYPE,6,2444,No matching script found (type=6)
M_EQUIPMENT_DAILY_FACT,6,2530,No matching script found (type=6)
CURRENCY_CONV,6,2284,No matching script found (type=6)
load_LOC_CONVERSION,8,356,No matching script found (type=8)
STG_M_EQUIPMENT_DAILY_FACT,7,1419,No matching script found (type=7)
CV_FISCALCALENDAR,18,5270,No matching script found (type=18)
CV_M3_FIN_ORGANIZATION,18,5359,No matching script found (type=18)
CV_M_CUSTOMER,18,5412,No matching script found (type=18)
CV_M_LOCATION,18,5423,No matching script found (type=18)
CV_OPEN_ORDER_LINE_HIST,18,5447,No matching script found (type=18)
CV_ORDERS,18,5448,No matching script found (type=18)
CV_ORDER_LINE_DAYS,18,5452,No matching script found (type=18)
CV_ORDER_LINE_EQUIPMENT,18,5453,No matching script found (type=18)
CV_SUSPEND_ORDER,18,5578,No matching script found (type=18)
HV_EQUIPMENT_HISTORY,18,6394,No matching script found (type=18)
BUS_GPS_SIM_CODE,18,11284,No matching script found (type=18)
DBIFCTR,18,5642,No matching script found (type=18)
EQUIPMENT_HISTORY,6,2333,No matching script found (type=6)
FISCALCALENDAR,6,2369,No matching script found (type=6)
M_LOCATION,6,2537,No matching script found (type=6)
CV_EQUIPMENT,18,5232,No matching script found (type=18)
M3_FIN_ORGANIZATION,6,2458,No matching script found (type=6)
M_CUSTOMER,6,2519,No matching script found (type=6)
OPEN_ORDER_LINE_HIST,6,2562,No matching script found (type=6)
ORDERS,6,2563,No matching script found (type=6)
ORDER_LINE_DAYS,6,2567,No matching script found (type=6)
ORDER_LINE_EQUIPMENT,6,2568,No matching script found (type=6)
SUSPEND_ORDER,6,2693,No matching script found (type=6)
GPS_SIM_CODE,6,11283,No matching script found (type=6)
DBIFCTR_mirror,8,233,No matching script found (type=8)
STG_EQUIPMENT_HISTORY,18,6897,No matching script found (type=18)
SYS_CALENDAR,18,8689,No matching script found (type=18)
BENCHMARK_GROUP,6,2257,No matching script found (type=6)
FAST_LOCATION,6,2364,No matching script found (type=6)
MAILING_ADDRESS,6,2459,No matching script found (type=6)
CV_DISTRICT,18,5206,No matching script found (type=18)
CV_LOCATION,18,5324,No matching script found (type=18)
CV_LOCATION_MANAGER,18,5332,No matching script found (type=18)
CV_LOCATION_STATUS_HIST,18,5337,No matching script found (type=18)
CV_MARKET,18,5364,No matching script found (type=18)
CV_REGION,18,5504,No matching script found (type=18)
CV_TRADE_AREA,18,5589,No matching script found (type=18)
BI_LOCATION,18,4171,No matching script found (type=18)
CV_ELECTRONIC_ADDRESS,18,5216,No matching script found (type=18)
CV_LOCATION_ADDRESS,18,5325,No matching script found (type=18)
CV_LOCATION_EXTENSION,18,5328,No matching script found (type=18)
FIN_ORGANIZATION,18,6368,No matching script found (type=18)
HV_FIN_ORGANIZATION,18,6403,No matching script found (type=18)
EQUIPMENT,6,2330,No matching script found (type=6)
CV_LU_CES_LOCATION,18,5342,No matching script found (type=18)
CV_MODEL_FIN_BENCHMARK,18,5374,No matching script found (type=18)
CV_model_FIN_ORGANIZATION,18,5378,No matching script found (type=18)
CV_MODEL_FIN_TRADENAMES,18,5379,No matching script found (type=18)
HV_PARTY,18,6435,No matching script found (type=18)
CV_CREDIT_ALLOCATION,18,5182,No matching script found (type=18)
CV_CUSTOMER_TOTAL_CONTROL,18,5197,No matching script found (type=18)
CV_PARTY_ACCOUNT_GROUP,18,5465,No matching script found (type=18)
CV_PARTY_ALL,18,5467,No matching script found (type=18)
CV_PARTY_PARTY_RELATIONSHIP,18,5472,No matching script found (type=18)
CV_PARTY_SIC,18,5474,No matching script found (type=18)
CV_PARTY_STATUS,18,5475,No matching script found (type=18)
CV_PARTY_STATUS_HISTORY,18,5476,No matching script found (type=18)
HV_PARTY_ALL,18,6438,No matching script found (type=18)
STG_M_CUSTOMER,18,6953,No matching script found (type=18)
STG_OPEN_ORDER_LINE,7,1422,No matching script found (type=7)
CV_ITEM,18,5308,No matching script found (type=18)
CV_ITEM_STATUS_HIST,18,5315,No matching script found (type=18)
CV_ITEM_UOM,18,5317,No matching script found (type=18)
BUS_ITEM,18,4453,No matching script found (type=18)
STG_ORDERS,7,1423,No matching script found (type=7)
STG_ORDER_LINE_DAYS,7,1425,No matching script found (type=7)
STG_ORDER_LINE,7,1424,No matching script found (type=7)
ETL_SUSPEND_ORDER,7,1343,No matching script found (type=7)
ETL_GPS_SIM_CODE,7,11282,No matching script found (type=7)
EQUIPMENT_HISTORY_WRK,7,1231,No matching script found (type=7)
STG_FAST_LOCATION,18,6908,No matching script found (type=18)
STG_MAILING_ADDRESS,18,6948,No matching script found (type=18)
ELECTRONIC_ADDRESS,6,2314,No matching script found (type=6)
LOCATION_ADDRESS,6,2421,No matching script found (type=6)
LOCATION_EXTENSION,6,2424,No matching script found (type=6)
LU_CES_LOCATION,6,2440,No matching script found (type=6)
model_FIN_ORGANIZATION,6,2479,No matching script found (type=6)
STG_EQUIPMENT,7,1409,No matching script found (type=7)
model_FIN_BENCHMARK,6,2475,No matching script found (type=6)
model_FIN_TRADENAMES,6,2480,No matching script found (type=6)
PARTY,6,2579,No matching script found (type=6)
ITEM,6,2405,No matching script found (type=6)
ITEM_EQPT_CLASS,6,2408,No matching script found (type=6)
LOCATION,6,2420,No matching script found (type=6)
SRC_RAODETFL,18,6716,No matching script found (type=18)
CDC_RAODETFL,18,4839,No matching script found (type=18)
SRC_RACHDRFL,18,6708,No matching script found (type=18)
ETL_RACHDRFL,18,6353,No matching script found (type=18)
SRC_RAOHDRFL,18,6717,No matching script found (type=18)
ETL_RAOHDRFL,18,6355,No matching script found (type=18)
ORDER_LINE,6,2566,No matching script found (type=6)
ETL_ORDER_LINE1,18,6347,No matching script found (type=18)
SRC_RACDETFL,18,6707,No matching script found (type=18)
ETL_RACDETFL,18,6352,No matching script found (type=18)
ETL_RAODETFL,18,6354,No matching script found (type=18)
SRC_RASDETFL,18,6725,No matching script found (type=18)
ETL_RASDETFL,18,6357,No matching script found (type=18)
SRC_RASUSCFL,18,6729,No matching script found (type=18)
DV_EQUIPMENT,18,6318,No matching script found (type=18)
DV_LOCATION,18,6320,No matching script found (type=18)
SRC_GPSSIMFL_WSDATA,18,11285,No matching script found (type=18)
DV_PARTY,18,6322,No matching script found (type=18)
AUD_EQPMASFL,18,4141,No matching script found (type=18)
RT_LOCATION,8,438,No matching script found (type=8)
ADDRESS,6,2248,No matching script found (type=6)
DISTRICT,6,2305,No matching script found (type=6)
LOCATION_MANAGER,6,2429,No matching script found (type=6)
LOCATION_STATUS_HIST,6,2435,No matching script found (type=6)
MARKET,6,2460,No matching script found (type=6)
REGION,6,2619,No matching script found (type=6)
TRADE_AREA,6,2702,No matching script found (type=6)
STG_ELECTRONIC_ADDRESS,18,6890,No matching script found (type=18)
STG_LOCATION_ADDRESS,18,6938,No matching script found (type=18)
ETL_LOCATION_EXTENSION,7,1288,No matching script found (type=7)
FIN_BALANCES_DTL,18,6361,No matching script found (type=18)
stage_FIN_ORGANIZATION,7,1401,No matching script found (type=7)
EQUIPMENT_STATUS_CODES,6,2346,No matching script found (type=6)
SRC_EQPMASFL,18,6630,No matching script found (type=18)
CDC_EQPMASFL,18,4797,No matching script found (type=18)
DV_ITEM,18,6319,No matching script found (type=18)
DV_VENDOR,18,6325,No matching script found (type=18)
load_FIN_BENCHMARK,8,350,No matching script found (type=8)
SRC_SYSTRAFL,18,6779,No matching script found (type=18)
CDC_SYSTRAFL,18,4867,No matching script found (type=18)
DV_TRADE_AREA,18,6324,No matching script found (type=18)
STG_TRADE_AREA,18,7005,No matching script found (type=18)
STG_PARTY,7,1429,No matching script found (type=7)
CREDIT_ALLOCATION,6,2281,No matching script found (type=6)
CUSTOMER_TOTAL_CONTROL,6,2297,No matching script found (type=6)
PARTY_ACCOUNT_GROUP,6,2580,No matching script found (type=6)
PARTY_ALL,6,2582,No matching script found (type=6)
PARTY_PARTY_RELATIONSHIP,6,2586,No matching script found (type=6)
PARTY_SIC,6,2588,No matching script found (type=6)
PARTY_STATUS,6,2589,No matching script found (type=6)
PARTY_STATUS_HISTORY,6,2590,No matching script found (type=6)
SRC_ITMMASFL,18,6682,No matching script found (type=18)
CDC_ITMMASFL,18,4818,No matching script found (type=18)
STG_ITEM,18,6929,No matching script found (type=18)
ETL_ITEM_EQPT_CLASS,7,10527,No matching script found (type=7)
SRC_SYSLOCFL,18,6776,No matching script found (type=18)
CDC_SYSLOCFL,18,4864,No matching script found (type=18)
STG_LOCATION,18,6937,No matching script found (type=18)
ITEM_STATUS_HIST,6,2413,No matching script found (type=6)
ITEM_UOM,6,2415,No matching script found (type=6)
RASUSCFL,8,413,No matching script found (type=8)
GPSSIMFL_WSDATA,8,11263,No matching script found (type=8)
EQPMASFL,8,274,No matching script found (type=8)
STG_ADDRESS,7,1403,No matching script found (type=7)
SRC_SYSDSTFL,18,6774,No matching script found (type=18)
CDC_SYSDSTFL,18,4863,No matching script found (type=18)
CV_EMPLOYEE,18,5218,No matching script found (type=18)
DV_DISTRICT,18,6317,No matching script found (type=18)
STG_DISTRICT,18,6885,No matching script found (type=18)
STG_LOCATION_MANAGER,18,6941,No matching script found (type=18)
SRC_SYSMKTFL,18,6777,No matching script found (type=18)
CDC_SYSMKTFL,18,4865,No matching script found (type=18)
DV_MARKET,18,6321,No matching script found (type=18)
STG_MARKET,18,6949,No matching script found (type=18)
SRC_SYSRGNFL,18,6778,No matching script found (type=18)
CDC_SYSRGNFL,18,4866,No matching script found (type=18)
DV_REGION,18,6323,No matching script found (type=18)
STG_REGION,18,6980,No matching script found (type=18)
SRC_SYSLC2FL,18,6775,No matching script found (type=18)
model_FIN_BALANCES_DTL,6,2473,No matching script found (type=6)
stage_FIN_ORGANIZATION_1,7,1402,No matching script found (type=7)
DBIFAMV_base,18,5641,No matching script found (type=18)
DBIFAMV,18,5640,No matching script found (type=18)
DBIFGLN,18,5651,No matching script found (type=18)
DBIFGLS,18,5653,No matching script found (type=18)
ETL_LAWSON_SUPER_REGION,18,6342,No matching script found (type=18)
DBIFGAD,18,5644,No matching script found (type=18)
DBIFGDD,18,5647,No matching script found (type=18)
GLADD,18,6372,No matching script found (type=18)
LOAD_NAMES_DISTRICT,18,6498,No matching script found (type=18)
LOAD_NAMES_REGION,18,6499,No matching script found (type=18)
CDC_DWXREFFL,18,4786,No matching script found (type=18)
STG_EQUIPMENT_STATUS_CODES,18,6900,No matching script found (type=18)
VENDOR,6,2713,No matching script found (type=6)
CDC_COMPETITION,18,4772,No matching script found (type=18)
SRC_CSHCUSFL,18,6549,No matching script found (type=18)
CDC_CSHCUSFL,18,4774,No matching script found (type=18)
SRC_CUSMASFL,18,6556,No matching script found (type=18)
CDC_CUSMASFL,18,4780,No matching script found (type=18)
SRC_IMVENDFL,18,6679,No matching script found (type=18)
CDC_IMVENDFL,18,4815,No matching script found (type=18)
WRK_PARTY,18,7385,No matching script found (type=18)
STG_CREDIT_ALLOCATION,18,6873,No matching script found (type=18)
ETL_CUSTOMER_TOTAL_CONTROL,7,1249,No matching script found (type=7)
STG_PARTY_ACCOUNT_GROUP,18,6961,No matching script found (type=18)
ETL_PARTY_ALL,7,1294,No matching script found (type=7)
STG_PARTY_PARTY_RELATIONSHIP,18,6964,No matching script found (type=18)
ETL_PARTY_SIC,7,1297,No matching script found (type=7)
STG_PARTY_STATUS,18,6966,No matching script found (type=18)
STG_PARTY_STATUS_HISTORY,18,6967,No matching script found (type=18)
SRC_EQPCCMFL,18,6621,No matching script found (type=18)
RAODETFL,8,397,No matching script found (type=8)
RACHDRFL,8,388,No matching script found (type=8)
RAOHDRFL,8,399,No matching script found (type=8)
RACDETFL,8,386,No matching script found (type=8)
RASDETFL,8,408,No matching script found (type=8)
LOCATION_MANAGER_KEY,6,2430,No matching script found (type=6)
SYSLC2FL,8,473,No matching script found (type=8)
stage_FIN_BALANCES_DTL,7,1383,No matching script found (type=7)
DBIFGLN_mirror,8,238,No matching script found (type=8)
DBIFGLS_mirror,8,239,No matching script found (type=8)
LAWSON_SUPER_REGION_LOAD,8,337,No matching script found (type=8)
STG_VENDOR,18,7008,No matching script found (type=18)
WRK_PARTY_ALL,7,1464,No matching script found (type=7)
CV_PARTY,18,5464,No matching script found (type=18)
EQPCCMFL,8,265,No matching script found (type=8)
EMPLOYEE,6,2316,No matching script found (type=6)
STG_LOCATION_MANAGER_KEY,18,6942,No matching script found (type=18)
load_FIN_EXCLUSION_ACCT,8,352,No matching script found (type=8)
stage_FIN_BALANCES_DTL1,7,1384,No matching script found (type=7)
stage_FIN_BALANCES_DTL2,7,1385,No matching script found (type=7)
stage_FIN_BALANCES_DTL3,7,1386,No matching script found (type=7)
DBIFAMV_mirror,8,231,No matching script found (type=8)
DBIFGAD_mirror,8,234,No matching script found (type=8)
DBIFGDD_mirror,8,236,No matching script found (type=8)
DWXREFFL,8,244,No matching script found (type=8)
SYSTRAFL,8,477,No matching script found (type=8)
COMPETITION,8,7840,No matching script found (type=8)
CUSMASFL,8,7852,No matching script found (type=8)
ITMMASFL,8,333,No matching script found (type=8)
SYSLOCFL,8,474,No matching script found (type=8)
SYSDSTFL,8,472,No matching script found (type=8)
ETL_EMPLOYEE,7,1251,No matching script found (type=7)
SYSMKTFL,8,475,No matching script found (type=8)
SYSRGNFL,8,476,No matching script found (type=8)
stage_convert,7,1374,No matching script found (type=7)
DBGLGAM,18,5634,No matching script found (type=18)
DBGLFBD,18,5632,No matching script found (type=18)
DBGLGLU,18,5637,No matching script found (type=18)
CSHCUSFL,8,7845,No matching script found (type=8)
IMVENDFL,8,330,No matching script found (type=8)
HV_USER_BIO,18,6480,No matching script found (type=18)
BUS_EMPLOYEE_USER_ID,18,4309,No matching script found (type=18)
CV_LU_FAST_EMPLOYEE_DRIVER,18,5347,No matching script found (type=18)
BUS_FAST_CURRENT_EMP_DRIVER,18,4340,No matching script found (type=18)
CV_ADDRESS,18,5141,No matching script found (type=18)
ETL_LDAP,18,6343,No matching script found (type=18)
SRC_EMPLOYEE_Load,18,6615,No matching script found (type=18)
DBGLGAM_mirror,8,227,No matching script found (type=8)
DBGLFBD_mirror,8,225,No matching script found (type=8)
DBGLGLU_mirror,8,230,No matching script found (type=8)
LDAP_load,8,340,No matching script found (type=8)
EMPLOYEE_Load,8,7788,No matching script found (type=8)
USER_BIO,6,2710,No matching script found (type=6)
LU_FAST_EMPLOYEE_DRIVER,6,2446,No matching script found (type=6)
ETL_USER_BIO,7,1351,No matching script found (type=7)
ETL_FAST_EMPLOYEE_DRIVER,7,1269,No matching script found (type=7)
SRC_USRBIOFL,18,6840,No matching script found (type=18)
SRC_FAST_EMPLOYEE_DRIVER,18,6651,No matching script found (type=18)
USRBIOFL,8,548,No matching script found (type=8)
FAST_EMPLOYEE_DRIVER_LOAD,8,297,No matching script found (type=8)
